{"cameraMode":{"drawMode":0,"name":"Shaded","section":"Shading Mode"},"sceneLighting":false,"audioPlay":false,"sceneViewState":{"m_AlwaysRefresh":false,"showFog":false,"showSkybox":false,"showFlares":false,"showImageEffects":false,"showParticleSystems":false,"showVisualEffectGraphs":true,"m_FxEnabled":true},"in2DMode":false,"pivot":{"x":0.19998273253440858,"y":2.7692601680755617,"z":-0.06774729490280152},"rotation":{"x":-0.004240507259964943,"y":0.9951074123382568,"z":-0.08560018241405487,"w":-0.04929741472005844},"size":3.1716220378875734,"orthographic":false}