{"cameraMode":{"drawMode":0,"name":"Shaded","section":"Shading Mode"},"sceneLighting":false,"audioPlay":false,"sceneViewState":{"m_AlwaysRefresh":false,"showFog":true,"showSkybox":false,"showFlares":true,"showImageEffects":true,"showParticleSystems":true,"showVisualEffectGraphs":true,"m_FxEnabled":true},"in2DMode":false,"pivot":{"x":8.733741760253907,"y":0.4100053310394287,"z":-0.43190324306488039},"rotation":{"x":0.0037273552734404804,"y":0.995481550693512,"z":-0.0844288095831871,"w":0.0439290814101696},"size":0.8294107913970947,"orthographic":false}