{"cameraMode":{"drawMode":0,"name":"Shaded","section":"Shading Mode"},"sceneLighting":false,"audioPlay":false,"sceneViewState":{"m_AlwaysRefresh":false,"showFog":true,"showSkybox":false,"showFlares":true,"showImageEffects":true,"showParticleSystems":true,"showVisualEffectGraphs":true,"m_FxEnabled":true},"in2DMode":false,"pivot":{"x":10.048176765441895,"y":0.5797996520996094,"z":-0.6236101388931274},"rotation":{"x":0.0390583835542202,"y":0.8222102522850037,"z":-0.05682859569787979,"w":0.5650424957275391},"size":0.3668609857559204,"orthographic":false}