{"cameraMode":{"drawMode":0,"name":"Shaded","section":"Shading Mode"},"sceneLighting":false,"audioPlay":false,"sceneViewState":{"m_AlwaysRefresh":false,"showFog":true,"showSkybox":false,"showFlares":true,"showImageEffects":true,"showParticleSystems":true,"showVisualEffectGraphs":true,"m_FxEnabled":true},"in2DMode":false,"pivot":{"x":8.732277870178223,"y":0.3799999952316284,"z":15.382233619689942},"rotation":{"x":0.12652485072612763,"y":-0.8730947375297546,"z":0.3473377823829651,"w":0.31818944215774538},"size":2.2983713150024416,"orthographic":false}