{"cameraMode":{"drawMode":0,"name":"Shaded","section":"Shading Mode"},"sceneLighting":true,"audioPlay":false,"sceneViewState":{"m_AlwaysRefresh":false,"showFog":true,"showSkybox":true,"showFlares":true,"showImageEffects":true,"showParticleSystems":true,"showVisualEffectGraphs":true,"m_FxEnabled":true},"in2DMode":false,"pivot":{"x":410.75286865234377,"y":207.16590881347657,"z":165.3643798828125},"rotation":{"x":0.06058656796813011,"y":0.00016481007332913578,"z":-0.0003224945976398885,"w":0.9983693957328796},"size":346.4588317871094,"orthographic":false}