{"cameraMode":{"drawMode":0,"name":"Shaded","section":"Shading Mode"},"sceneLighting":true,"audioPlay":false,"sceneViewState":{"m_AlwaysRefresh":false,"showFog":true,"showSkybox":true,"showFlares":true,"showImageEffects":true,"showParticleSystems":true,"showVisualEffectGraphs":true,"m_FxEnabled":true},"in2DMode":false,"pivot":{"x":-11.311450958251954,"y":3.3756048679351808,"z":-34.77353286743164},"rotation":{"x":-0.013488531112670899,"y":0.9856136441230774,"z":-0.08949732780456543,"w":-0.14428088068962098},"size":8.283615112304688,"orthographic":false}