{"cameraMode":{"drawMode":0,"name":"Shaded","section":"Shading Mode"},"sceneLighting":true,"audioPlay":false,"sceneViewState":{"m_AlwaysRefresh":false,"showFog":true,"showSkybox":true,"showFlares":true,"showImageEffects":true,"showParticleSystems":true,"showVisualEffectGraphs":true,"m_FxEnabled":true},"in2DMode":false,"pivot":{"x":-21.25660514831543,"y":-12.932356834411621,"z":-30.362808227539064},"rotation":{"x":0.043240487575531009,"y":-0.956668496131897,"z":0.2117496132850647,"w":0.19578447937965394},"size":58.501617431640628,"orthographic":false}