{"cameraMode":{"drawMode":0,"name":"Shaded","section":"Shading Mode"},"sceneLighting":true,"audioPlay":false,"sceneViewState":{"m_AlwaysRefresh":false,"showFog":true,"showSkybox":true,"showFlares":true,"showImageEffects":true,"showParticleSystems":true,"showVisualEffectGraphs":true,"m_FxEnabled":true},"in2DMode":false,"pivot":{"x":-41.39611053466797,"y":-14.599061965942383,"z":-1.6571153402328492},"rotation":{"x":0.05434850603342056,"y":0.9456248879432678,"z":-0.21762433648109437,"w":0.23596404492855073},"size":51.58738327026367,"orthographic":false}