{"cameraMode":{"drawMode":0,"name":"Shaded","section":"Shading Mode"},"sceneLighting":true,"audioPlay":false,"sceneViewState":{"m_AlwaysRefresh":false,"showFog":true,"showSkybox":true,"showFlares":true,"showImageEffects":true,"showParticleSystems":true,"showVisualEffectGraphs":true,"m_FxEnabled":true},"in2DMode":false,"pivot":{"x":5.356816291809082,"y":1.5941272974014283,"z":0.5292049646377564},"rotation":{"x":-0.004240507259964943,"y":0.9951074123382568,"z":-0.08560018241405487,"w":-0.04929741472005844},"size":3.17486310005188,"orthographic":false}