{"cameraMode":{"drawMode":0,"name":"Shaded","section":"Shading Mode"},"sceneLighting":true,"audioPlay":false,"sceneViewState":{"m_AlwaysRefresh":false,"showFog":true,"showSkybox":true,"showFlares":true,"showImageEffects":true,"showParticleSystems":true,"showVisualEffectGraphs":true,"m_FxEnabled":true},"in2DMode":false,"pivot":{"x":439.08050537109377,"y":108.37617492675781,"z":217.7417449951172},"rotation":{"x":-0.030607562512159349,"y":-0.010978815145790577,"z":0.0006821700371801853,"w":-0.9996930956840515},"size":293.8840637207031,"orthographic":false}