{"cameraMode":{"drawMode":0,"name":"Shaded","section":"Shading Mode"},"sceneLighting":true,"audioPlay":false,"sceneViewState":{"m_AlwaysRefresh":false,"showFog":true,"showSkybox":true,"showFlares":true,"showImageEffects":true,"showParticleSystems":true,"showVisualEffectGraphs":true,"m_FxEnabled":true},"in2DMode":false,"pivot":{"x":7.500853061676025,"y":1.8212608098983765,"z":0.336405485868454},"rotation":{"x":0.0007839525351300836,"y":0.9980199337005615,"z":-0.012585190124809742,"w":0.0620570108294487},"size":2.7089414596557619,"orthographic":false}