{"cameraMode":{"drawMode":0,"name":"Shaded","section":"Shading Mode"},"sceneLighting":true,"audioPlay":false,"sceneViewState":{"m_AlwaysRefresh":false,"showFog":true,"showSkybox":true,"showFlares":true,"showImageEffects":true,"showParticleSystems":true,"showVisualEffectGraphs":true,"m_FxEnabled":true},"in2DMode":false,"pivot":{"x":-5.923157691955566,"y":3.865894079208374,"z":-33.529239654541019},"rotation":{"x":-0.002180292969569564,"y":0.9971610307693481,"z":-0.07372787594795227,"w":-0.025298316031694413},"size":4.759188175201416,"orthographic":false}