{"cameraMode":{"drawMode":0,"name":"Shaded","section":"Shading Mode"},"sceneLighting":true,"audioPlay":false,"sceneViewState":{"m_AlwaysRefresh":false,"showFog":true,"showSkybox":false,"showFlares":true,"showImageEffects":true,"showParticleSystems":true,"showVisualEffectGraphs":true,"m_FxEnabled":true},"in2DMode":false,"pivot":{"x":10.993066787719727,"y":1.1909886598587037,"z":15.034062385559082},"rotation":{"x":-0.08006078749895096,"y":-0.9199104905128479,"z":0.27673599123954775,"w":-0.26623350381851199},"size":4.527013301849365,"orthographic":false}