{"cameraMode":{"drawMode":0,"name":"Shaded","section":"Shading Mode"},"sceneLighting":true,"audioPlay":false,"sceneViewState":{"m_AlwaysRefresh":false,"showFog":true,"showSkybox":false,"showFlares":true,"showImageEffects":true,"showParticleSystems":true,"showVisualEffectGraphs":true,"m_FxEnabled":true},"in2DMode":false,"pivot":{"x":11.015117645263672,"y":1.3350000381469727,"z":14.76999282836914},"rotation":{"x":-0.029396694153547288,"y":-0.9500868320465088,"z":0.09438096731901169,"w":-0.29609283804893496},"size":4.527013301849365,"orthographic":false}