{"cameraMode":{"drawMode":0,"name":"Shaded","section":"Shading Mode"},"sceneLighting":true,"audioPlay":false,"sceneViewState":{"m_AlwaysRefresh":false,"showFog":true,"showSkybox":false,"showFlares":true,"showImageEffects":true,"showParticleSystems":true,"showVisualEffectGraphs":true,"m_FxEnabled":true},"in2DMode":false,"pivot":{"x":-5.014857769012451,"y":0.019844699651002885,"z":0.7447724938392639},"rotation":{"x":0.15280582010746003,"y":-0.5848690867424011,"z":0.11335497349500656,"w":0.7886115908622742},"size":5.3362836837768559,"orthographic":false}