{"cameraMode":{"drawMode":0,"name":"Shaded","section":"Shading Mode"},"sceneLighting":false,"audioPlay":false,"sceneViewState":{"m_AlwaysRefresh":false,"showFog":true,"showSkybox":false,"showFlares":true,"showImageEffects":true,"showParticleSystems":true,"showVisualEffectGraphs":true,"m_FxEnabled":true},"in2DMode":false,"pivot":{"x":3.463606357574463,"y":6.0652384757995609,"z":6.5706939697265629},"rotation":{"x":-0.0007234015502035618,"y":-0.9761728644371033,"z":0.21727626025676728,"w":-0.0032434756867587568},"size":8.348565101623536,"orthographic":false}